{
  "token_acc":1.0,
  "token_p":1.0,
  "token_r":1.0,
  "token_f":1.0,
  "ents_p":0.876155268,
  "ents_r":0.8713235294,
  "ents_f":0.8737327189,
  "ents_per_type":{
    "F102_REGISTRY_NO":{
      "p":1.0,
      "r":1.0,
      "f":1.0
    },
    "F90_DATE_OF_REGISTRATION":{
      "p":0.25,
      "r":0.2,
      "f":0.2222222222
    },
    "F102_CHILD_FIRST":{
      "p":1.0,
      "r":1.0,
      "f":1.0
    },
    "F102_CHILD_MIDDLE":{
      "p":1.0,
      "r":1.0,
      "f":1.0
    },
    "F102_CHILD_LAST":{
      "p":0.8,
      "r":0.6666666667,
      "f":0.7272727273
    },
    "F102_SEX":{
      "p":1.0,
      "r":1.0,
      "f":1.0
    },
    "F90_GROOM_DATE_OF_BIRTH":{
      "p":0.1111111111,
      "r":0.2,
      "f":0.1428571429
    },
    "F102_PLACE_OF_BIRTH":{
      "p":1.0,
      "r":1.0,
      "f":1.0
    },
    "F102_MOTHER_FIRST":{
      "p":1.0,
      "r":1.0,
      "f":1.0
    },
    "F102_MOTHER_MIDDLE":{
      "p":1.0,
      "r":1.0,
      "f":1.0
    },
    "F102_MOTHER_CITIZENSHIP":{
      "p":1.0,
      "r":0.8333333333,
      "f":0.9090909091
    },
    "F102_FATHER_FIRST":{
      "p":1.0,
      "r":0.8333333333,
      "f":0.9090909091
    },
    "F102_FATHER_MIDDLE":{
      "p":0.8,
      "r":0.8,
      "f":0.8
    },
    "F102_FATHER_LAST":{
      "p":1.0,
      "r":0.8333333333,
      "f":0.9090909091
    },
    "F102_FATHER_CITIZENSHIP":{
      "p":1.0,
      "r":1.0,
      "f":1.0
    },
    "F102_MARRIAGE_DATE":{
      "p":1.0,
      "r":1.0,
      "f":1.0
    },
    "F102_MARRIAGE_PLACE":{
      "p":1.0,
      "r":1.0,
      "f":1.0
    },
    "F102_DATE_OF_BIRTH":{
      "p":1.0,
      "r":0.5,
      "f":0.6666666667
    },
    "F102_DATE_OF_REGISTRATION":{
      "p":0.0,
      "r":0.0,
      "f":0.0
    },
    "F102_MOTHER_LAST":{
      "p":0.625,
      "r":0.8333333333,
      "f":0.7142857143
    },
    "F103_DATE_OF_REGISTRATION":{
      "p":0.4545454545,
      "r":0.625,
      "f":0.5263157895
    },
    "F97_DATE_OF_REGISTRATION":{
      "p":0.4444444444,
      "r":0.5714285714,
      "f":0.5
    },
    "F97_WIFE_MOTHER_LAST":{
      "p":0.875,
      "r":1.0,
      "f":0.9333333333
    },
    "F90_BRIDE_MOTHER_CITIZENSHIP":{
      "p":0.8333333333,
      "r":1.0,
      "f":0.9090909091
    },
    "F97_HUSBAND_FATHER_FIRST":{
      "p":0.3333333333,
      "r":0.2857142857,
      "f":0.3076923077
    },
    "F97_HUSBAND_MIDDLE":{
      "p":0.75,
      "r":0.8571428571,
      "f":0.8
    },
    "F103_REGISTRY_NO":{
      "p":1.0,
      "r":1.0,
      "f":1.0
    },
    "F103_DECEASED_FIRST":{
      "p":1.0,
      "r":0.75,
      "f":0.8571428571
    },
    "F97_WIFE_FATHER_LAST":{
      "p":0.7,
      "r":1.0,
      "f":0.8235294118
    },
    "F103_DECEASED_LAST":{
      "p":1.0,
      "r":1.0,
      "f":1.0
    },
    "F103_SEX":{
      "p":1.0,
      "r":1.0,
      "f":1.0
    },
    "F103_AGE":{
      "p":1.0,
      "r":1.0,
      "f":1.0
    },
    "F103_PLACE_OF_DEATH":{
      "p":1.0,
      "r":1.0,
      "f":1.0
    },
    "F103_DATE_OF_DEATH":{
      "p":1.0,
      "r":1.0,
      "f":1.0
    },
    "F103_CITIZENSHIP":{
      "p":1.0,
      "r":1.0,
      "f":1.0
    },
    "F103_CIVIL_STATUS":{
      "p":1.0,
      "r":1.0,
      "f":1.0
    },
    "F103_CAUSE_IMMEDIATE":{
      "p":1.0,
      "r":1.0,
      "f":1.0
    },
    "F103_DECEASED_MIDDLE":{
      "p":1.0,
      "r":0.5,
      "f":0.6666666667
    },
    "F103_CAUSE_ANTECEDENT":{
      "p":1.0,
      "r":1.0,
      "f":1.0
    },
    "F103_CAUSE_UNDERLYING":{
      "p":1.0,
      "r":1.0,
      "f":1.0
    },
    "F97_WIFE_MOTHER_FIRST":{
      "p":0.0,
      "r":0.0,
      "f":0.0
    },
    "F97_WIFE_FATHER_FIRST":{
      "p":0.4,
      "r":0.5714285714,
      "f":0.4705882353
    },
    "F97_REGISTRY_NO":{
      "p":0.7,
      "r":1.0,
      "f":0.8235294118
    },
    "F97_HUSBAND_FIRST":{
      "p":1.0,
      "r":1.0,
      "f":1.0
    },
    "F97_HUSBAND_LAST":{
      "p":1.0,
      "r":0.8571428571,
      "f":0.9230769231
    },
    "F97_HUSBAND_AGE":{
      "p":1.0,
      "r":1.0,
      "f":1.0
    },
    "F97_HUSBAND_CITIZENSHIP":{
      "p":0.875,
      "r":1.0,
      "f":0.9333333333
    },
    "F97_HUSBAND_FATHER_LAST":{
      "p":1.0,
      "r":0.8571428571,
      "f":0.9230769231
    },
    "F97_HUSBAND_MOTHER_LAST":{
      "p":1.0,
      "r":0.8333333333,
      "f":0.9090909091
    },
    "F97_HUSBAND_FATHER_CITIZENSHIP":{
      "p":1.0,
      "r":0.8571428571,
      "f":0.9230769231
    },
    "F97_HUSBAND_MOTHER_CITIZENSHIP":{
      "p":1.0,
      "r":1.0,
      "f":1.0
    },
    "F97_WIFE_FIRST":{
      "p":1.0,
      "r":0.8571428571,
      "f":0.9230769231
    },
    "F97_WIFE_MIDDLE":{
      "p":1.0,
      "r":0.8571428571,
      "f":0.9230769231
    },
    "F97_WIFE_LAST":{
      "p":1.0,
      "r":1.0,
      "f":1.0
    },
    "F97_WIFE_AGE":{
      "p":1.0,
      "r":1.0,
      "f":1.0
    },
    "F97_WIFE_CITIZENSHIP":{
      "p":1.0,
      "r":1.0,
      "f":1.0
    },
    "F97_HUSBAND_MOTHER_FIRST":{
      "p":0.3846153846,
      "r":0.7142857143,
      "f":0.5
    },
    "F97_WIFE_FATHER_CITIZENSHIP":{
      "p":1.0,
      "r":1.0,
      "f":1.0
    },
    "F97_WIFE_MOTHER_CITIZENSHIP":{
      "p":1.0,
      "r":1.0,
      "f":1.0
    },
    "F97_DATE_OF_MARRIAGE":{
      "p":1.0,
      "r":1.0,
      "f":1.0
    },
    "F97_PLACE_OF_MARRIAGE":{
      "p":0.8571428571,
      "r":0.8571428571,
      "f":0.8571428571
    },
    "F90_GROOM_FIRST":{
      "p":1.0,
      "r":1.0,
      "f":1.0
    },
    "F90_GROOM_MIDDLE":{
      "p":1.0,
      "r":1.0,
      "f":1.0
    },
    "F90_GROOM_LAST":{
      "p":1.0,
      "r":1.0,
      "f":1.0
    },
    "F90_BRIDE_DATE_OF_BIRTH":{
      "p":0.0,
      "r":0.0,
      "f":0.0
    },
    "F90_GROOM_AGE":{
      "p":1.0,
      "r":1.0,
      "f":1.0
    },
    "F90_GROOM_PLACE_OF_BIRTH":{
      "p":0.8333333333,
      "r":1.0,
      "f":0.9090909091
    },
    "F90_GROOM_SEX":{
      "p":1.0,
      "r":1.0,
      "f":1.0
    },
    "F90_GROOM_CITIZENSHIP":{
      "p":1.0,
      "r":1.0,
      "f":1.0
    },
    "F90_GROOM_FATHER_FIRST":{
      "p":1.0,
      "r":1.0,
      "f":1.0
    },
    "F90_GROOM_FATHER_MIDDLE":{
      "p":1.0,
      "r":1.0,
      "f":1.0
    },
    "F90_GROOM_FATHER_LAST":{
      "p":1.0,
      "r":1.0,
      "f":1.0
    },
    "F90_GROOM_FATHER_CITIZENSHIP":{
      "p":1.0,
      "r":1.0,
      "f":1.0
    },
    "F90_GROOM_MOTHER_FIRST":{
      "p":1.0,
      "r":1.0,
      "f":1.0
    },
    "F90_GROOM_MOTHER_MIDDLE":{
      "p":1.0,
      "r":1.0,
      "f":1.0
    },
    "F90_GROOM_MOTHER_LAST":{
      "p":1.0,
      "r":1.0,
      "f":1.0
    },
    "F90_GROOM_MOTHER_CITIZENSHIP":{
      "p":1.0,
      "r":1.0,
      "f":1.0
    },
    "F90_BRIDE_FIRST":{
      "p":1.0,
      "r":1.0,
      "f":1.0
    },
    "F90_BRIDE_MIDDLE":{
      "p":1.0,
      "r":1.0,
      "f":1.0
    },
    "F90_BRIDE_LAST":{
      "p":1.0,
      "r":1.0,
      "f":1.0
    },
    "F90_BRIDE_AGE":{
      "p":1.0,
      "r":1.0,
      "f":1.0
    },
    "F90_BRIDE_PLACE_OF_BIRTH":{
      "p":1.0,
      "r":0.8,
      "f":0.8888888889
    },
    "F90_BRIDE_SEX":{
      "p":1.0,
      "r":1.0,
      "f":1.0
    },
    "F90_BRIDE_CITIZENSHIP":{
      "p":1.0,
      "r":1.0,
      "f":1.0
    },
    "F90_BRIDE_FATHER_FIRST":{
      "p":1.0,
      "r":1.0,
      "f":1.0
    },
    "F90_BRIDE_FATHER_MIDDLE":{
      "p":1.0,
      "r":1.0,
      "f":1.0
    },
    "F90_BRIDE_FATHER_LAST":{
      "p":1.0,
      "r":1.0,
      "f":1.0
    },
    "F90_BRIDE_FATHER_CITIZENSHIP":{
      "p":1.0,
      "r":1.0,
      "f":1.0
    },
    "F90_BRIDE_MOTHER_FIRST":{
      "p":1.0,
      "r":1.0,
      "f":1.0
    },
    "F90_BRIDE_MOTHER_MIDDLE":{
      "p":1.0,
      "r":1.0,
      "f":1.0
    },
    "F90_BRIDE_MOTHER_LAST":{
      "p":1.0,
      "r":1.0,
      "f":1.0
    },
    "F90_REGISTRY_NO":{
      "p":1.0,
      "r":0.4,
      "f":0.5714285714
    }
  },
  "speed":2454.4336947165
}