{
  "train_loss": [
    72.16146692207882,
    11.751685508659907,
    3.9336385279893875,
    3.5813613640410558,
    3.15228167708431,
    2.06496735183256,
    0.8258560049746718,
    0.3941804195887276,
    0.22963851164760335,
    0.14958173967897892,
    0.10469661114205207,
    0.07750038134067186,
    0.05793663215756949,
    0.045616407778912356,
    0.037015849890719564,
    0.03038155024738184,
    0.024974565670293356,
    0.02122187043590072,
    0.01768507907815677,
    0.015765437091301595,
    0.013709976229750152,
    0.01228598871551055,
    0.011651180886214465,
    0.009370293069098676,
    0.00849875676794909,
    0.0070249021155177616,
    0.006182156649759106,
    0.005376114094230745,
    0.005190428877540398,
    0.004594863667859629,
    0.004134646471876684,
    0.003676920670841355,
    0.003391510752927778,
    0.00337835755479838,
    0.002957234377390705,
    0.0030856051208892105,
    0.0025264017705402303,
    0.002800687334196742,
    0.0020522029060105395,
    0.0019580309417506214,
    0.008626434541188896,
    0.002510731541146275,
    0.0018403164254518092,
    0.0015720721712568775,
    0.001352679711869444,
    0.0011734514068198873,
    0.0013206061548771686,
    0.0012833335661395853,
    0.0011378531374118342,
    0.0012014754000639577,
    0.0011777429360466027,
    0.0008757630566183902,
    0.001048870621291696,
    0.001050059455727543,
    0.0009591201435016826,
    0.0010044416326309147,
    0.001154935745489638,
    0.0016022821559350372,
    0.0009340487076769932,
    0.0009290908394957244,
    0.001013487807508032,
    0.0007583824732202109,
    0.0006648743009398979
  ],
  "val_loss": [
    37.681606979370116,
    4.216312999725342,
    3.7440293502807616,
    3.4014110660552976,
    2.747833652496338,
    1.1983750319480897,
    0.48381319642066956,
    0.24868703246116639,
    0.15287247240543367,
    0.10270426779985428,
    0.0716428093612194,
    0.053929939568042755,
    0.04189067073166371,
    0.034580899104475975,
    0.0275971157848835,
    0.023544932268559932,
    0.02014720529317856,
    0.01738419517874718,
    0.015098812282085419,
    0.013393923528492451,
    0.012089960239827634,
    0.010306081175804139,
    0.0099915561825037,
    0.009069020990282298,
    0.008202732456848025,
    0.0073235014732927085,
    0.007042171480134129,
    0.0069006361532956365,
    0.00607791259419173,
    0.005783993909135461,
    0.005322989169508218,
    0.005012009334750473,
    0.0046463179634884,
    0.004826953099109232,
    0.004444518752861768,
    0.004438130604103208,
    0.004209725328255445,
    0.004253709330223501,
    0.0041921962099149826,
    0.004128576859366149,
    0.004281111632008105,
    0.004053598223254085,
    0.0038581247231923043,
    0.00374043419607915,
    0.0037041874695569275,
    0.003729745104210451,
    0.003650839130859822,
    0.003637472218251787,
    0.003611341242794879,
    0.003685758434003219,
    0.0035799980827141554,
    0.0034707950573647393,
    0.003634475547587499,
    0.003517239770735614,
    0.0034431277529802175,
    0.0034021272335667163,
    0.003678869618452154,
    0.003933774250326678,
    0.0036933437452535147,
    0.0037420369550818576,
    0.003439399083144963,
    0.0036801401450065898,
    0.0035113430325873197
  ],
  "val_cer": [
    100.0,
    100.0,
    100.0,
    100.0,
    99.94605529332435,
    26.27107215104518,
    9.184086311530681,
    3.8975050573162506,
    1.645313553607552,
    0.8091706001348618,
    0.41807147673634526,
    0.3236682400539447,
    0.25623735670937287,
    0.20229265003371544,
    0.16183412002697234,
    0.16183412002697234,
    0.12137559002022927,
    0.13486176668914363,
    0.12137559002022927,
    0.12137559002022927,
    0.12137559002022927,
    0.09440323668240054,
    0.12137559002022927,
    0.09440323668240054,
    0.09440323668240054,
    0.09440323668240054,
    0.09440323668240054,
    0.10788941335131491,
    0.09440323668240054,
    0.09440323668240054,
    0.09440323668240054,
    0.08091706001348617,
    0.09440323668240054,
    0.09440323668240054,
    0.08091706001348617,
    0.06743088334457181,
    0.08091706001348617,
    0.08091706001348617,
    0.09440323668240054,
    0.09440323668240054,
    0.09440323668240054,
    0.08091706001348617,
    0.06743088334457181,
    0.08091706001348617,
    0.08091706001348617,
    0.08091706001348617,
    0.06743088334457181,
    0.08091706001348617,
    0.06743088334457181,
    0.06743088334457181,
    0.08091706001348617,
    0.06743088334457181,
    0.08091706001348617,
    0.06743088334457181,
    0.06743088334457181,
    0.08091706001348617,
    0.08091706001348617,
    0.08091706001348617,
    0.08091706001348617,
    0.06743088334457181,
    0.06743088334457181,
    0.06743088334457181,
    0.06743088334457181
  ],
  "val_wer": [
    100.0,
    100.0,
    100.0,
    100.0,
    100.0,
    78.64321608040201,
    40.787269681742046,
    19.849246231155778,
    9.547738693467336,
    5.108877721943048,
    2.763819095477387,
    2.1775544388609713,
    1.5912897822445562,
    1.256281407035176,
    1.0050251256281406,
    1.0050251256281406,
    0.7537688442211055,
    0.8375209380234505,
    0.7537688442211055,
    0.7537688442211055,
    0.7537688442211055,
    0.5862646566164154,
    0.7537688442211055,
    0.5862646566164154,
    0.5862646566164154,
    0.5862646566164154,
    0.5862646566164154,
    0.6700167504187605,
    0.5862646566164154,
    0.5862646566164154,
    0.5862646566164154,
    0.5025125628140703,
    0.5862646566164154,
    0.5862646566164154,
    0.5025125628140703,
    0.41876046901172526,
    0.5025125628140703,
    0.5025125628140703,
    0.5862646566164154,
    0.5862646566164154,
    0.5862646566164154,
    0.5025125628140703,
    0.41876046901172526,
    0.5025125628140703,
    0.5025125628140703,
    0.5025125628140703,
    0.41876046901172526,
    0.5025125628140703,
    0.41876046901172526,
    0.41876046901172526,
    0.5025125628140703,
    0.41876046901172526,
    0.5025125628140703,
    0.41876046901172526,
    0.41876046901172526,
    0.5025125628140703,
    0.5025125628140703,
    0.5025125628140703,
    0.5025125628140703,
    0.41876046901172526,
    0.41876046901172526,
    0.41876046901172526,
    0.41876046901172526
  ],
  "learning_rates": [
    4e-05,
    6e-05,
    8e-05,
    0.0001,
    0.0001,
    0.0001,
    0.0001,
    0.0001,
    0.0001,
    0.0001,
    0.0001,
    0.0001,
    0.0001,
    0.0001,
    0.0001,
    0.0001,
    0.0001,
    0.0001,
    0.0001,
    0.0001,
    0.0001,
    0.0001,
    0.0001,
    0.0001,
    0.0001,
    0.0001,
    0.0001,
    0.0001,
    0.0001,
    0.0001,
    0.0001,
    0.0001,
    0.0001,
    0.0001,
    0.0001,
    0.0001,
    0.0001,
    0.0001,
    0.0001,
    0.0001,
    0.0001,
    0.0001,
    0.0001,
    0.0001,
    0.0001,
    0.0001,
    0.0001,
    0.0001,
    0.0001,
    0.0001,
    0.0001,
    0.0001,
    0.0001,
    0.0001,
    0.0001,
    0.0001,
    0.0001,
    0.0001,
    0.0001,
    0.0001,
    0.0001,
    5e-05,
    5e-05
  ]
}