{
  "train_loss": [
    27.281354268391926,
    19.390419778369722,
    8.22536812131367,
    4.130893851083423,
    3.7246291448199558,
    3.5994824719807457,
    3.5148336433228993,
    3.441950517987448,
    3.374727203732445,
    3.303459640533205,
    3.2162060056413924,
    3.1161118121374223,
    2.9974935357532804,
    2.8515071490454296,
    2.7243579985603454,
    2.6044735265156578,
    2.4806543266962446,
    2.3516675025697737,
    2.2395625227973577,
    2.09285208914015,
    1.931690600183275,
    1.769491439773923,
    1.578906151983473,
    1.3763641762355017,
    1.2184694967572651,
    1.0763036353247506,
    0.9418589056484283,
    0.832299288303133,
    0.7314891644886562,
    0.6990324689282311,
    0.6154572916409325,
    0.593281309282969,
    0.540670789423443,
    0.5082835157712301,
    0.4663451351816692,
    0.47032705280515885,
    0.4223055645586952,
    0.4040257183332292,
    0.39376545425445314,
    0.37913954731017824,
    0.3820770349767473,
    0.3520401602699643,
    0.33112817387732246,
    0.3275038387094225,
    0.30158825265982797,
    0.3065682103236516,
    0.3027002111313835,
    0.27594929271274143,
    0.26193716518935706,
    0.2753516643766373,
    0.24822530126760875,
    0.23346473560446784,
    0.21174365755111452,
    0.20822181836480186,
    0.20311206129808274,
    0.20081887961853118,
    0.19392895757678955,
    0.17598178426897715,
    0.16978822743135785,
    0.16605921763749348,
    0.1663393353422483,
    0.1617556863597461,
    0.17068949122987095,
    0.15352289958132637,
    0.14626646869712406,
    0.15188204905106908,
    0.1454915316805007,
    0.14283398781267423,
    0.14464594506555134,
    0.1495038384187316,
    0.14222089993575263,
    0.1328095467908988,
    0.11928905765452082,
    0.11983972640028076,
    0.13027586681502207,
    0.1276664555309311,
    0.13947363809815475,
    0.11121281656244444,
    0.12013055248156426,
    0.11355799847533779,
    0.11251158758051812,
    0.110885680342714,
    0.11379392034122868,
    0.10320246266940283,
    0.09901564852112815,
    0.09463980380031797,
    0.11057495316934018,
    0.1025367925860106,
    0.09744269859104876,
    0.10869640957504983,
    0.08664660489866657,
    0.10038813475578551,
    0.09042622140120893,
    0.10344491289958122,
    0.09634956007912046,
    0.09890255772523464,
    0.08906217150035359,
    0.10024140458849687,
    0.09553168796830708,
    0.0827845913905
  ],
  "val_loss": [
    25.41259296123798,
    13.28240966796875,
    4.919447238628681,
    3.797455916037926,
    3.6399877621577335,
    3.5395407860095682,
    3.4610007726229153,
    3.396949914785532,
    3.327382069367629,
    3.2463416319627028,
    3.1399336594801683,
    3.03046021094689,
    2.896958974691538,
    2.757839459639329,
    2.6318003764519324,
    2.520806367580707,
    2.3754028356992283,
    2.2300043472876916,
    2.075152818973248,
    1.9130587486120372,
    1.7470205838863666,
    1.547999042731065,
    1.3406229202563946,
    1.1332323826276338,
    1.0004014372825623,
    0.8379231232863206,
    0.7255059709915748,
    0.6279881596565247,
    0.5631910218642309,
    0.5099763640990624,
    0.4633945180819585,
    0.4154634498632871,
    0.39122320826237017,
    0.3633581354067876,
    0.3380904977138226,
    0.3144416075486403,
    0.30773536975567156,
    0.28018117065613085,
    0.2679719752990283,
    0.2551299986930994,
    0.24167030018109542,
    0.23042809963226318,
    0.21577245340897486,
    0.20910218014166906,
    0.19926237143003023,
    0.19869561722645393,
    0.1771266254094931,
    0.16275272117211267,
    0.153235327738982,
    0.14369435264514044,
    0.13513125765782136,
    0.12236757691089924,
    0.11439780547068669,
    0.11199612514330791,
    0.10900426827944242,
    0.1038350909948349,
    0.10094657139136241,
    0.09074269120509808,
    0.08663415163755417,
    0.08116097289782304,
    0.07824146604308715,
    0.0797474728180812,
    0.0846098678616377,
    0.07259065801134476,
    0.06757564269579373,
    0.06670262893805137,
    0.0626007948930447,
    0.059543816516032584,
    0.060618044092104986,
    0.05903784873393866,
    0.057803950630701505,
    0.05118641443550587,
    0.051629275656663455,
    0.05096700386359142,
    0.04953669957243479,
    0.046878039407042355,
    0.0453720293365992,
    0.045754385825533136,
    0.04343936019218885,
    0.041066890582442284,
    0.04181455892439072,
    0.0431597583855574,
    0.03847982376240767,
    0.03962853507926831,
    0.037218472705437586,
    0.03774054477421137,
    0.036203283530015215,
    0.03658762044058396,
    0.03682039061991068,
    0.0371166503486725,
    0.03442731170127025,
    0.03399047971918033,
    0.03507814656656522,
    0.03174440512576929,
    0.033126732835975975,
    0.0331780704168173,
    0.03162910015537189,
    0.02969005725418146,
    0.029896788585644502,
    0.028651575486247357
  ],
  "val_cer": [
    100.0,
    100.0,
    100.0,
    100.0,
    100.0,
    100.0,
    100.0,
    100.0,
    100.0,
    99.297725024728,
    99.08011869436201,
    95.76656775469831,
    88.72403560830861,
    87.05242334322453,
    85.15331355093967,
    80.1186943620178,
    76.36993076162216,
    73.1948565776459,
    63.11572700296736,
    56.6271018793274,
    49.347181008902076,
    37.79426310583581,
    31.167161226508405,
    23.926805143422353,
    17.11177052423343,
    14.549950544015827,
    11.681503461918892,
    9.940652818991099,
    9.396636993076163,
    9.000989119683481,
    7.91295746785361,
    7.289812067260139,
    6.9238377843719086,
    5.746785361028685,
    5.242334322453017,
    4.93570722057369,
    4.915924826904056,
    4.263105835806132,
    4.045499505440158,
    3.887240356083086,
    3.402571711177053,
    3.04648862512364,
    2.8090999010880315,
    2.8090999010880315,
    2.878338278931751,
    2.4233432245301683,
    2.571711177052423,
    2.166172106824926,
    2.0474777448071215,
    1.7408506429277943,
    1.62215628090999,
    1.483679525222552,
    1.4045499505440158,
    1.4441147378832837,
    1.3056379821958457,
    1.1473788328387735,
    1.483679525222552,
    1.0682492581602374,
    1.1078140454995054,
    1.0187932739861523,
    0.8902077151335311,
    0.880316518298714,
    1.0781404549950544,
    0.9297725024727992,
    0.8209693372898121,
    0.7814045499505441,
    0.751730959446093,
    0.76162215628091,
    0.6824925816023739,
    0.741839762611276,
    0.7121661721068249,
    0.6033630069238378,
    0.7022749752720079,
    0.6528189910979229,
    0.6033630069238378,
    0.6528189910979229,
    0.6231454005934718,
    0.5539070227497527,
    0.5736894164193868,
    0.5341246290801187,
    0.5736894164193868,
    0.66271018793274,
    0.5539070227497527,
    0.5934718100890208,
    0.5242334322453017,
    0.5143422354104847,
    0.5736894164193868,
    0.5440158259149357,
    0.5637982195845697,
    0.6429277942631058,
    0.5242334322453017,
    0.5440158259149357,
    0.5341246290801187,
    0.4846686449060336,
    0.5539070227497527,
    0.5143422354104847,
    0.5440158259149357,
    0.5143422354104847,
    0.5440158259149357,
    0.4846686449060336
  ],